timestamp,message
1.71389E+12,"INIT_START Runtime Version: python:3.12.v25	Runtime Version ARN: arn:aws:lambda:us-east-2::runtime:eb23ce52a7ad2bcf849de9f8cb1e3bae200e62ddb9e03883cc29d7c7a5eade03
"
1.71389E+12,"START RequestId: 2582176c-88ed-4d4e-9eb6-2ff88231433e Version: $LATEST
"
1.71389E+12,"END RequestId: 2582176c-88ed-4d4e-9eb6-2ff88231433e
"
1.71389E+12,"REPORT RequestId: 2582176c-88ed-4d4e-9eb6-2ff88231433e	Duration: 2.14 ms	Billed Duration: 3 ms	Memory Size: 128 MB	Max Memory Used: 81 MB	Init Duration: 541.12 ms
"
1.71389E+12,"START RequestId: 5f88d2db-eaaa-4b13-95a6-e122048e4d1e Version: $LATEST
"
1.71389E+12,"END RequestId: 5f88d2db-eaaa-4b13-95a6-e122048e4d1e
"
1.71389E+12,"REPORT RequestId: 5f88d2db-eaaa-4b13-95a6-e122048e4d1e	Duration: 44.31 ms	Billed Duration: 45 ms	Memory Size: 128 MB	Max Memory Used: 81 MB
"
1.71389E+12,"START RequestId: cfd107e7-e140-4c2e-a0f7-994eb251b54c Version: $LATEST
"
1.71389E+12,"END RequestId: cfd107e7-e140-4c2e-a0f7-994eb251b54c
"
1.71389E+12,"REPORT RequestId: cfd107e7-e140-4c2e-a0f7-994eb251b54c	Duration: 1.56 ms	Billed Duration: 2 ms	Memory Size: 128 MB	Max Memory Used: 82 MB
"
1.71389E+12,"START RequestId: 76cf0a26-03dc-4ac9-9e17-c1b4ceba54c7 Version: $LATEST
"
1.71389E+12,"END RequestId: 76cf0a26-03dc-4ac9-9e17-c1b4ceba54c7
"
1.71389E+12,"REPORT RequestId: 76cf0a26-03dc-4ac9-9e17-c1b4ceba54c7	Duration: 1.83 ms	Billed Duration: 2 ms	Memory Size: 128 MB	Max Memory Used: 82 MB
"
1.71389E+12,"START RequestId: c55a2c07-968a-48ca-bca6-f2c02d980e2d Version: $LATEST
"
1.71389E+12,"END RequestId: c55a2c07-968a-48ca-bca6-f2c02d980e2d
"
1.71389E+12,"REPORT RequestId: c55a2c07-968a-48ca-bca6-f2c02d980e2d	Duration: 4.59 ms	Billed Duration: 5 ms	Memory Size: 128 MB	Max Memory Used: 82 MB
"
1.71389E+12,Y2MxMjVkM2M2MDMwMDQ4ZjE0NzY5ZmExMDAyMDU2NGQ=
